Workbook

Sheet Dashboard
B1: DASHBOARD DE RESERVAS | 2026
B2: Villa Theatro + Avenida Residence • Janeiro a outubro • Outubro provisório
B4: VALOR DAS RESERVAS | F4: NOITES OCUPADAS | J4: TAXA DE OCUPAÇÃO
B5: =SUM(Por_Apartamento!G20) -> 286616.07 | F5: =SUM(Por_Apartamento!D20) -> 1613 | J5: =(Por_Apartamento!D20/Por_Apartamento!E20)*100 -> 41.701138
B29: COMPARAÇÃO ENTRE MARCAS
B31: Marca | C31: Unidades | D31: Noites ocupadas | E31: Ocupação (%) | F31: Valor reservas (€)
B32: =Por_Marca!B6 -> Villa Theatro | C32: =Por_Marca!C6 -> 9 | D32: =Por_Marca!D6 -> 1113 | E32: =Por_Marca!F6 -> 41.529851 | F32: =Por_Marca!G6 -> 193840.04
B33: =Por_Marca!B7 -> Avenida Residence | C33: =Por_Marca!C7 -> 4 | D33: =Por_Marca!D7 -> 500 | E33: =Por_Marca!F7 -> 42.087542 | F33: =Por_Marca!G7 -> 92776.03
B36: DETALHE POR APARTAMENTO → consulta a folha Por_Apartamento
B38: Fonte: 3 CSV exportados pelo Pentaho | Outubro é provisório | Valores por unidade agregados sem dados de hóspedes

Sheet Por_Marca
B1: DESEMPENHO POR MARCA
B2: Comparação entre Villa Theatro e Avenida Residence | janeiro–outubro 2026
B5: Marca | C5: Unidades | D5: Noites ocupadas | E5: Dias disponíveis | F5: Ocupação (%) | G5: Valor reservas (€)
B6: Villa Theatro | C6: 9 | D6: =SUMIF(Por_Apartamento!$B$7:$B$19,B6,Por_Apartamento!$D$7:$D$19) -> 1113 | E6: =SUMIF(Por_Apartamento!$B$7:$B$19,B6,Por_Apartamento!$E$7:$E$19) -> 2680 | F6: =IFERROR(D6/E6*100,0) -> 41.529851 | G6: =SUMIF(Por_Apartamento!$B$7:$B$19,B6,Por_Apartamento!$G$7:$G$19) -> 193840.04
B7: Avenida Residence | C7: 4 | D7: =SUMIF(Por_Apartamento!$B$7:$B$19,B7,Por_Apartamento!$D$7:$D$19) -> 500 | E7: =SUMIF(Por_Apartamento!$B$7:$B$19,B7,Por_Apartamento!$E$7:$E$19) -> 1188 | F7: =IFERROR(D7/E7*100,0) -> 42.087542 | G7: =SUMIF(Por_Apartamento!$B$7:$B$19,B7,Por_Apartamento!$G$7:$G$19) -> 92776.03
B8: TOTAL | C8: =SUM(C6:C7) -> 13 | D8: =SUM(D6:D7) -> 1613 | E8: =SUM(E6:E7) -> 3868 | F8: =IFERROR(D8/E8*100,0) -> 41.701138 | G8: =SUM(G6:G7) -> 286616.07

Sheet Por_Apartamento
B1: ANÁLISE POR APARTAMENTO
B2: 13 unidades | noites, ocupação e valores das reservas
A6: Código | B6: Marca | C6: Período | D6: Noites ocupadas | E6: Dias disponíveis | F6: Ocupação (%) | G6: Valor reservas (€) | H6: Noites reservadas
A7: AR_201 | B7: Avenida Residence | C7: Jan–Out | D7: =SUMIF(Dados_Ocupacao!$B:$B,A7,Dados_Ocupacao!$C:$C) -> 115 | E7: =SUMIF(Dados_Ocupacao!B1:B128,A7,Dados_Ocupacao!D1:D128) -> 276 | F7: =IFERROR(D7/E7*100,0) -> 41.666667 | G7: =SUMIF(reservas_mensais[codigo_unidade],A7,reservas_mensais[total_valor_reservas]) -> 28679.19 | H7: =SUMIF(ocupacao_mensal[codigo_unidade],A7,ocupacao_mensal[noites_ocupadas]) -> 115
A8: AR_202 | B8: Avenida Residence | C8: Jan–Out | D8: =SUMIF(Dados_Ocupacao!$B:$B,A8,Dados_Ocupacao!$C:$C) -> 140 | E8: =SUMIF(Dados_Ocupacao!B2:B129,A8,Dados_Ocupacao!D2:D129) -> 304 | F8: =IFERROR(D8/E8*100,0) -> 46.052632 | G8: =SUMIF(reservas_mensais[codigo_unidade],A8,reservas_mensais[total_valor_reservas]) -> 19015.96 | H8: =SUMIF(ocupacao_mensal[codigo_unidade],A8,ocupacao_mensal[noites_ocupadas]) -> 140
A9: AR_203 | B9: Avenida Residence | C9: Jan–Out | D9: =SUMIF(Dados_Ocupacao!$B:$B,A9,Dados_Ocupacao!$C:$C) -> 138 | E9: =SUMIF(Dados_Ocupacao!B3:B130,A9,Dados_Ocupacao!D3:D130) -> 304 | F9: =IFERROR(D9/E9*100,0) -> 45.394737 | G9: =SUMIF(reservas_mensais[codigo_unidade],A9,reservas_mensais[total_valor_reservas]) -> 18983.64 | H9: =SUMIF(ocupacao_mensal[codigo_unidade],A9,ocupacao_mensal[noites_ocupadas]) -> 138
A10: AR_204 | B10: Avenida Residence | C10: Jan–Out | D10: =SUMIF(Dados_Ocupacao!$B:$B,A10,Dados_Ocupacao!$C:$C) -> 107 | E10: =SUMIF(Dados_Ocupacao!B4:B131,A10,Dados_Ocupacao!D4:D131) -> 304 | F10: =IFERROR(D10/E10*100,0) -> 35.197368 | G10: =SUMIF(reservas_mensais[codigo_unidade],A10,reservas_mensais[total_valor_reservas]) -> 26097.24 | H10: =SUMIF(ocupacao_mensal[codigo_unidade],A10,ocupacao_mensal[noites_ocupadas]) -> 107
A11: VT_A | B11: Villa Theatro | C11: Jan–Out | D11: =SUMIF(Dados_Ocupacao!$B:$B,A11,Dados_Ocupacao!$C:$C) -> 121 | E11: =SUMIF(Dados_Ocupacao!B5:B132,A11,Dados_Ocupacao!D5:D132) -> 304 | F11: =IFERROR(D11/E11*100,0) -> 39.802632 | G11: =SUMIF(reservas_mensais[codigo_unidade],A11,reservas_mensais[total_valor_reservas]) -> 35658.44 | H11: =SUMIF(ocupacao_mensal[codigo_unidade],A11,ocupacao_mensal[noites_ocupadas]) -> 121
A12: VT_B | B12: Villa Theatro | C12: Jan–Out | D12: =SUMIF(Dados_Ocupacao!$B:$B,A12,Dados_Ocupacao!$C:$C) -> 110 | E12: =SUMIF(Dados_Ocupacao!B6:B133,A12,Dados_Ocupacao!D6:D133) -> 304 | F12: =IFERROR(D12/E12*100,0) -> 36.184211 | G12: =SUMIF(reservas_mensais[codigo_unidade],A12,reservas_mensais[total_valor_reservas]) -> 19344.69 | H12: =SUMIF(ocupacao_mensal[codigo_unidade],A12,ocupacao_mensal[noites_ocupadas]) -> 110
A13: VT_C | B13: Villa Theatro | C13: Jan–Out | D13: =SUMIF(Dados_Ocupacao!$B:$B,A13,Dados_Ocupacao!$C:$C) -> 134 | E13: =SUMIF(Dados_Ocupacao!B7:B134,A13,Dados_Ocupacao!D7:D134) -> 304 | F13: =IFERROR(D13/E13*100,0) -> 44.078947 | G13: =SUMIF(reservas_mensais[codigo_unidade],A13,reservas_mensais[total_valor_reservas]) -> 21258.92 | H13: =SUMIF(ocupacao_mensal[codigo_unidade],A13,ocupacao_mensal[noites_ocupadas]) -> 134
A14: VT_D | B14: Villa Theatro | C14: Jan–Out | D14: =SUMIF(Dados_Ocupacao!$B:$B,A14,Dados_Ocupacao!$C:$C) -> 134 | E14: =SUMIF(Dados_Ocupacao!B8:B135,A14,Dados_Ocupacao!D8:D135) -> 304 | F14: =IFERROR(D14/E14*100,0) -> 44.078947 | G14: =SUMIF(reservas_mensais[codigo_unidade],A14,reservas_mensais[total_valor_reservas]) -> 21498.14 | H14: =SUMIF(ocupacao_mensal[codigo_unidade],A14,ocupacao_mensal[noites_ocupadas]) -> 134
A15: VT_E | B15: Villa Theatro | C15: Jan–Out | D15: =SUMIF(Dados_Ocupacao!$B:$B,A15,Dados_Ocupacao!$C:$C) -> 158 | E15: =SUMIF(Dados_Ocupacao!B9:B136,A15,Dados_Ocupacao!D9:D136) -> 304 | F15: =IFERROR(D15/E15*100,0) -> 51.973684 | G15: =SUMIF(reservas_mensais[codigo_unidade],A15,reservas_mensais[total_valor_reservas]) -> 20322.7 | H15: =SUMIF(ocupacao_mensal[codigo_unidade],A15,ocupacao_mensal[noites_ocupadas]) -> 158
A16: VT_F | B16: Villa Theatro | C16: Jan–Out | D16: =SUMIF(Dados_Ocupacao!$B:$B,A16,Dados_Ocupacao!$C:$C) -> 101 | E16: =SUMIF(Dados_Ocupacao!B10:B137,A16,Dados_Ocupacao!D10:D137) -> 304 | F16: =IFERROR(D16/E16*100,0) -> 33.223684 | G16: =SUMIF(reservas_mensais[codigo_unidade],A16,reservas_mensais[total_valor_reservas]) -> 16431.21 | H16: =SUMIF(ocupacao_mensal[codigo_unidade],A16,ocupacao_mensal[noites_ocupadas]) -> 101
A17: VT_G | B17: Villa Theatro | C17: Jan–Out | D17: =SUMIF(Dados_Ocupacao!$B:$B,A17,Dados_Ocupacao!$C:$C) -> 138 | E17: =SUMIF(Dados_Ocupacao!B11:B138,A17,Dados_Ocupacao!D11:D138) -> 276 | F17: =IFERROR(D17/E17*100,0) -> 50 | G17: =SUMIF(reservas_mensais[codigo_unidade],A17,reservas_mensais[total_valor_reservas]) -> 17998.13 | H17: =SUMIF(ocupacao_mensal[codigo_unidade],A17,ocupacao_mensal[noites_ocupadas]) -> 138
A18: VT_H | B18: Villa Theatro | C18: Jan–Out | D18: =SUMIF(Dados_Ocupacao!$B:$B,A18,Dados_Ocupacao!$C:$C) -> 129 | E18: =SUMIF(Dados_Ocupacao!B12:B139,A18,Dados_Ocupacao!D12:D139) -> 304 | F18: =IFERROR(D18/E18*100,0) -> 42.434211 | G18: =SUMIF(reservas_mensais[codigo_unidade],A18,reservas_mensais[total_valor_reservas]) -> 21265.82 | H18: =SUMIF(ocupacao_mensal[codigo_unidade],A18,ocupacao_mensal[noites_ocupadas]) -> 129
A19: VT_I | B19: Villa Theatro | C19: Jan–Out | D19: =SUMIF(Dados_Ocupacao!$B:$B,A19,Dados_Ocupacao!$C:$C) -> 88 | E19: =SUMIF(Dados_Ocupacao!B13:B140,A19,Dados_Ocupacao!D13:D140) -> 276 | F19: =IFERROR(D19/E19*100,0) -> 31.884058 | G19: =SUMIF(reservas_mensais[codigo_unidade],A19,reservas_mensais[total_valor_reservas]) -> 20061.99 | H19: =SUMIF(ocupacao_mensal[codigo_unidade],A19,ocupacao_mensal[noites_ocupadas]) -> 88
A20: TOTAL | B20: Ambas as marcas | C20: Jan–Out | D20: =SUM(D7:D19) -> 1613 | E20: =SUM(E7:E19) -> 3868 | F20: =IFERROR(D20/E20*100,0) -> 41.701138 | G20: =SUM(G7:G19) -> 286616.07 | H20: =SUM(H7:H19) -> 1613

Sheet Dados_Mensais
A1: mes_referencia | B1: total_noites_reservadas | C1: valor_total_reservas | D1: numero_reservas | E1: total_noites_ocupadas | F1: total_dias_disponiveis | G1: taxa_ocupacao_global
A2: 46023 | B2: 217 | C2: 18033.73 | D2: 93 | E2: 124 | F2: 403 | G2: 30.77
A3: 46054 | B3: 114 | C3: 10700.26 | D3: 54 | E3: 60 | F3: 364 | G3: 16.48
A4: 46082 | B4: 194 | C4: 17420.68 | D4: 77 | E4: 117 | F4: 403 | G4: 29.03
A5: 46113 | B5: 241 | C5: 27158.05 | D5: 91 | E5: 150 | F5: 390 | G5: 38.46
A6: 46143 | B6: 329 | C6: 33361.28 | D6: 114 | E6: 215 | F6: 403 | G6: 53.35
A7: 46174 | B7: 310 | C7: 33225.38 | D7: 125 | E7: 185 | F7: 390 | G7: 47.44
A8: 46204 | B8: 317 | C8: 38338.38 | D8: 127 | E8: 190 | F8: 403 | G8: 47.15
A9: 46235 | B9: 324 | C9: 46832.3 | D9: 111 | E9: 213 | F9: 403 | G9: 52.85
A10: 46266 | B10: 302 | C10: 32146.47 | D10: 116 | E10: 186 | F10: 390 | G10: 47.69
A11: 46296 | B11: 300 | C11: 29399.54 | D11: 127 | E11: 173 | F11: 403 | G11: 42.93

Sheet Dados_Ocupacao
A1: mes_referencia | B1: codigo_unidade | C1: noites_ocupadas | D1: dias_mes | E1: taxa_ocupacao
A2: 46023 | B2: AR_201 | C2: 11 | D2: 31 | E2: 35.48
A3: 46023 | B3: AR_202 | C3: 15 | D3: 31 | E3: 48.39
A4: 46023 | B4: AR_203 | C4: 12 | D4: 31 | E4: 38.71
A5: 46023 | B5: AR_204 | C5: 6 | D5: 31 | E5: 19.35
A6: 46023 | B6: VT_A | C6: 7 | D6: 31 | E6: 22.58
A7: 46023 | B7: VT_B | C7: 3 | D7: 31 | E7: 9.68
A8: 46023 | B8: VT_C | C8: 12 | D8: 31 | E8: 38.71
A9: 46023 | B9: VT_D | C9: 16 | D9: 31 | E9: 51.61
A10: 46023 | B10: VT_E | C10: 12 | D10: 31 | E10: 38.71
A11: 46023 | B11: VT_F | C11: 2 | D11: 31 | E11: 6.45
A12: 46023 | B12: VT_G | C12: 9 | D12: 31 | E12: 29.03
A13: 46023 | B13: VT_H | C13: 11 | D13: 31 | E13: 35.48
... A128: 46266 | B128: VT_I | C128: 9 | D128: 30 | E128: 30

Sheet Dados_Reservas
A1: mes_referencia | B1: codigo_unidade | C1: codigo_canal | D1: total_noites | E1: total_valor_reservas | F1: total_registos_mensais
A2: 46023 | B2: AR_202 | C2: AIRBNB | D2: 7 | E2: 385.96 | F2: 1
A3: 46023 | B3: AR_202 | C3: INTERN | D3: 4 | E3: 202 | F3: 1
A4: 46023 | B4: AR_204 | C4: INTERN | D4: 2 | E4: 128 | F4: 1
A5: 46023 | B5: VT_H | C5: AIRBNB | D5: 2 | E5: 138.4 | F5: 1
A6: 46023 | B6: VT_I | C6: AIRBNB | D6: 1 | E6: 135.75 | F6: 1
A7: 46054 | B7: AR_203 | C7: AIRBNB | D7: 7 | E7: 513.8 | F7: 1
A8: 46054 | B8: VT_C | C8: AIRBNB | D8: 5 | E8: 371.79 | F8: 1
A9: 46054 | B9: VT_E | C9: AIRBNB | D9: 4 | E9: 253.92 | F9: 1
A10: 46054 | B10: VT_G | C10: AIRBNB | D10: 1 | E10: 119 | F10: 1
A11: 46054 | B11: VT_G | C11: BOOKIN | D11: 1 | E11: 99.2 | F11: 1
A12: 46054 | B12: VT_H | C12: AIRBNB | D12: 2 | E12: 161 | F12: 1
A13: 46054 | B13: VT_I | C13: AIRBNB | D13: 1 | E13: 131.15 | F13: 1
... A267: 46296 | B267: VT_I | C267: BOOKIN | D267: 12 | E267: 1355.93 | F267: 7
